name;full_name;description
PROPN;Nom propre;"<p style=""line-height: 1.38; margin-top: 0pt; margin-bottom: 0pt;""><span style=""font-size: 11pt; font-family: Arial; color: #000000; background-color: transparent; font-weight: 400; font-variant: normal; text-decoration: underline; vertical-align: baseline; white-space: pre-wrap;"">PROPN</span></p>
<p>&nbsp;</p>
<p style=""line-height: 1.38; margin-top: 0pt; margin-bottom: 0pt;""><strong><span style=""font-size: 11pt; font-family: Arial; color: #000000; background-color: transparent; font-variant: normal; text-decoration: none; vertical-align: baseline; white-space: pre-wrap;"">Joel Nankin, Solitude, Gwada, Damoiseau, E.D.F.</span></strong></p>
<p>&nbsp;</p>"
PRON;Pronom;"<p style=""line-height: 1.38; margin-top: 0pt; margin-bottom: 0pt;""><span style=""font-size: 11pt; font-family: Arial; color: #000000; background-color: transparent; font-weight: 400; font-variant: normal; text-decoration: underline; vertical-align: baseline; white-space: pre-wrap;"">PRON</span></p>
<p style=""line-height: 1.38; margin-top: 0pt; margin-bottom: 0pt;""><span style=""font-size: 11pt; font-family: Arial; color: #000000; background-color: transparent; font-weight: 400; font-variant: normal; text-decoration: none; vertical-align: baseline; white-space: pre-wrap;"">Pronoms interrogatifs </span><strong><span style=""font-size: 11pt; font-family: Arial; color: #000000; background-color: transparent; font-variant: normal; text-decoration: none; vertical-align: baseline; white-space: pre-wrap;"">Ka</span></strong><span style=""font-size: 11pt; font-family: Arial; color: #000000; background-color: transparent; font-weight: 400; font-variant: normal; text-decoration: none; vertical-align: baseline; white-space: pre-wrap;""> ou t&eacute; ka di ? (</span><strong><span style=""font-size: 11pt; font-family: Arial; color: #000000; background-color: transparent; font-variant: normal; text-decoration: none; vertical-align: baseline; white-space: pre-wrap;"">ola</span></strong><span style=""font-size: 11pt; font-family: Arial; color: #000000; background-color: transparent; font-weight: 400; font-variant: normal; text-decoration: none; vertical-align: baseline; white-space: pre-wrap;"">, </span><strong><span style=""font-size: 11pt; font-family: Arial; color: #000000; background-color: transparent; font-variant: normal; text-decoration: none; vertical-align: baseline; white-space: pre-wrap;"">kiles</span></strong><span style=""font-size: 11pt; font-family: Arial; color: #000000; background-color: transparent; font-weight: 400; font-variant: normal; text-decoration: none; vertical-align: baseline; white-space: pre-wrap;"">,</span><strong><span style=""font-size: 11pt; font-family: Arial; color: #000000; background-color: transparent; font-variant: normal; text-decoration: none; vertical-align: baseline; white-space: pre-wrap;""> ki</span></strong><span style=""font-size: 11pt; font-family: Arial; color: #000000; background-color: transparent; font-weight: 400; font-variant: normal; text-decoration: none; vertical-align: baseline; white-space: pre-wrap;""> moun, </span><strong><span style=""font-size: 11pt; font-family: Arial; color: #000000; background-color: transparent; font-variant: normal; text-decoration: none; vertical-align: baseline; white-space: pre-wrap;"">ki</span></strong><span style=""font-size: 11pt; font-family: Arial; color: #000000; background-color: transparent; font-weight: 400; font-variant: normal; text-decoration: none; vertical-align: baseline; white-space: pre-wrap;""> l&egrave;, </span><strong><span style=""font-size: 11pt; font-family: Arial; color: #000000; background-color: transparent; font-variant: normal; text-decoration: none; vertical-align: baseline; white-space: pre-wrap;"">ki</span></strong><span style=""font-size: 11pt; font-family: Arial; color: #000000; background-color: transparent; font-weight: 400; font-variant: normal; text-decoration: none; vertical-align: baseline; white-space: pre-wrap;""> tan, </span><strong><span style=""font-size: 11pt; font-family: Arial; color: #000000; background-color: transparent; font-variant: normal; text-decoration: none; vertical-align: baseline; white-space: pre-wrap;"">ki</span></strong><span style=""font-size: 11pt; font-family: Arial; color: #000000; background-color: transparent; font-weight: 400; font-variant: normal; text-decoration: none; vertical-align: baseline; white-space: pre-wrap;""> kot&eacute;, </span><strong><span style=""font-size: 11pt; font-family: Arial; color: #000000; background-color: transparent; font-variant: normal; text-decoration: none; vertical-align: baseline; white-space: pre-wrap;"">ki</span></strong><span style=""font-size: 11pt; font-family: Arial; color: #000000; background-color: transparent; font-weight: 400; font-variant: normal; text-decoration: none; vertical-align: baseline; white-space: pre-wrap;""> jou, </span><strong><span style=""font-size: 11pt; font-family: Arial; color: #000000; background-color: transparent; font-variant: normal; text-decoration: none; vertical-align: baseline; white-space: pre-wrap;"">ki </span></strong><span style=""font-size: 11pt; font-family: Arial; color: #000000; background-color: transparent; font-weight: 400; font-variant: normal; text-decoration: none; vertical-align: baseline; white-space: pre-wrap;"">jan etc.)</span></p>
<p style=""line-height: 1.38; margin-top: 0pt; margin-bottom: 0pt;""><span style=""font-size: 11pt; font-family: Arial; color: #000000; background-color: transparent; font-weight: 400; font-variant: normal; text-decoration: none; vertical-align: baseline; white-space: pre-wrap;"">Pronoms personnels : </span><strong><span style=""font-size: 11pt; font-family: Arial; color: #000000; background-color: transparent; font-variant: normal; text-decoration: none; vertical-align: baseline; white-space: pre-wrap;"">Ou</span></strong><span style=""font-size: 11pt; font-family: Arial; color: #000000; background-color: transparent; font-weight: 400; font-variant: normal; text-decoration: none; vertical-align: baseline; white-space: pre-wrap;""> k&eacute; la &eacute; </span><strong><span style=""font-size: 11pt; font-family: Arial; color: #000000; background-color: transparent; font-variant: normal; text-decoration: none; vertical-align: baseline; white-space: pre-wrap;"">mwen</span></strong><span style=""font-size: 11pt; font-family: Arial; color: #000000; background-color: transparent; font-weight: 400; font-variant: normal; text-decoration: none; vertical-align: baseline; white-space: pre-wrap;""> l&egrave; </span><strong><span style=""font-size: 11pt; font-family: Arial; color: #000000; background-color: transparent; font-variant: normal; text-decoration: none; vertical-align: baseline; white-space: pre-wrap;"">an</span></strong><span style=""font-size: 11pt; font-family: Arial; color: #000000; background-color: transparent; font-weight: 400; font-variant: normal; text-decoration: none; vertical-align: baseline; white-space: pre-wrap;""> k&eacute; pran lanvol (</span><strong><span style=""font-size: 11pt; font-family: Arial; color: #000000; background-color: transparent; font-variant: normal; text-decoration: none; vertical-align: baseline; white-space: pre-wrap;"">Nou</span></strong><span style=""font-size: 11pt; font-family: Arial; color: #000000; background-color: transparent; font-weight: 400; font-variant: normal; text-decoration: none; vertical-align: baseline; white-space: pre-wrap;"">, </span><strong><span style=""font-size: 11pt; font-family: Arial; color: #000000; background-color: transparent; font-variant: normal; text-decoration: none; vertical-align: baseline; white-space: pre-wrap;"">i</span></strong><span style=""font-size: 11pt; font-family: Arial; color: #000000; background-color: transparent; font-weight: 400; font-variant: normal; text-decoration: none; vertical-align: baseline; white-space: pre-wrap;"">, </span><strong><span style=""font-size: 11pt; font-family: Arial; color: #000000; background-color: transparent; font-variant: normal; text-decoration: none; vertical-align: baseline; white-space: pre-wrap;"">zot)</span></strong></p>
<p style=""line-height: 1.38; margin-top: 0pt; margin-bottom: 0pt;""><span style=""font-size: 11pt; font-family: Arial; color: #000000; background-color: transparent; font-weight: 400; font-variant: normal; text-decoration: none; vertical-align: baseline; white-space: pre-wrap;"">Pronoms possessifs : Karess </span><strong><span style=""font-size: 11pt; font-family: Arial; color: #000000; background-color: transparent; font-variant: normal; text-decoration: none; vertical-align: baseline; white-space: pre-wrap;"">aw'</span></strong><span style=""font-size: 11pt; font-family: Arial; color: #000000; background-color: transparent; font-weight: 400; font-variant: normal; text-decoration: none; vertical-align: baseline; white-space: pre-wrap;""> doudou, </span><strong><span style=""font-size: 11pt; font-family: Arial; color: #000000; background-color: transparent; font-variant: normal; text-decoration: none; vertical-align: baseline; white-space: pre-wrap;"">tan_mwen</span></strong><span style=""font-size: 11pt; font-family: Arial; color: #000000; background-color: transparent; font-weight: 400; font-variant: normal; text-decoration: none; vertical-align: baseline; white-space: pre-wrap;"">, </span><strong><span style=""font-size: 11pt; font-family: Arial; color: #000000; background-color: transparent; font-variant: normal; text-decoration: none; vertical-align: baseline; white-space: pre-wrap;"">an_mwen</span></strong><span style=""font-size: 11pt; font-family: Arial; color: #000000; background-color: transparent; font-weight: 400; font-variant: normal; text-decoration: none; vertical-align: baseline; white-space: pre-wrap;""> etc.</span></p>
<p style=""line-height: 1.38; margin-top: 0pt; margin-bottom: 0pt;""><span style=""font-size: 11pt; font-family: Arial; color: #000000; background-color: transparent; font-weight: 400; font-variant: normal; text-decoration: none; vertical-align: baseline; white-space: pre-wrap;"">Pronoms relatifs : tiyo-la </span><strong><span style=""font-size: 11pt; font-family: Arial; color: #000000; background-color: transparent; font-variant: normal; text-decoration: none; vertical-align: baseline; white-space: pre-wrap;"">ki</span></strong><span style=""font-size: 11pt; font-family: Arial; color: #000000; background-color: transparent; font-weight: 400; font-variant: normal; text-decoration: none; vertical-align: baseline; white-space: pre-wrap;""> bouch&eacute; vy&eacute;.</span></p>
<p>&nbsp;</p>
<p style=""line-height: 1.38; margin-top: 0pt; margin-bottom: 0pt;""><span style=""font-size: 11pt; font-family: Arial; color: #000000; background-color: transparent; font-weight: 400; font-variant: normal; text-decoration: none; vertical-align: baseline; white-space: pre-wrap;"">Autres :</span></p>
<p style=""line-height: 1.38; margin-top: 0pt; margin-bottom: 0pt;""><span style=""font-size: 11pt; font-family: Arial; color: #000000; background-color: transparent; font-weight: 400; font-variant: normal; text-decoration: none; vertical-align: baseline; white-space: pre-wrap;"">A pa </span><strong><span style=""font-size: 11pt; font-family: Arial; color: #000000; background-color: transparent; font-variant: normal; text-decoration: none; vertical-align: baseline; white-space: pre-wrap;"">sa</span></strong><span style=""font-size: 11pt; font-family: Arial; color: #000000; background-color: transparent; font-weight: 400; font-variant: normal; text-decoration: none; vertical-align: baseline; white-space: pre-wrap;""> en t&eacute; vl&eacute;</span></p>
<p style=""line-height: 1.38; margin-top: 0pt; margin-bottom: 0pt;""><span style=""font-size: 11pt; font-family: Arial; color: #000000; background-color: transparent; font-weight: 400; font-variant: normal; text-decoration: none; vertical-align: baseline; white-space: pre-wrap;"">S&eacute; </span><strong><span style=""font-size: 11pt; font-family: Arial; color: #000000; background-color: transparent; font-variant: normal; text-decoration: none; vertical-align: baseline; white-space: pre-wrap;"">tala </span></strong><span style=""font-size: 11pt; font-family: Arial; color: #000000; background-color: transparent; font-weight: 400; font-variant: normal; text-decoration: none; vertical-align: baseline; white-space: pre-wrap;"">en t&eacute; ka v&eacute;y&eacute; (</span><strong><span style=""font-size: 11pt; font-family: Arial; color: #000000; background-color: transparent; font-variant: normal; text-decoration: none; vertical-align: baseline; white-space: pre-wrap;"">S&eacute;la</span></strong><span style=""font-size: 11pt; font-family: Arial; color: #000000; background-color: transparent; font-weight: 400; font-variant: normal; text-decoration: none; vertical-align: baseline; white-space: pre-wrap;"">)</span></p>
<p>&nbsp;</p>
<p style=""line-height: 1.38; margin-top: 0pt; margin-bottom: 0pt;""><span style=""font-size: 11pt; font-family: Arial; color: #000000; background-color: transparent; font-weight: 400; font-variant: normal; text-decoration: none; vertical-align: baseline; white-space: pre-wrap;"">an sav </span><strong><span style=""font-size: 11pt; font-family: Arial; color: #000000; background-color: transparent; font-variant: normal; text-decoration: none; vertical-align: baseline; white-space: pre-wrap;"">l&egrave;</span></strong><span style=""font-size: 11pt; font-family: Arial; color: #000000; background-color: transparent; font-weight: 400; font-variant: normal; text-decoration: none; vertical-align: baseline; white-space: pre-wrap;""> i ka riv&eacute; [</span><em><span style=""font-size: 11pt; font-family: Arial; color: #000000; background-color: transparent; font-weight: 400; font-variant: normal; text-decoration: none; vertical-align: baseline; white-space: pre-wrap;"">a ki l&egrave; ka riv&eacute; ?</span></em><span style=""font-size: 11pt; font-family: Arial; color: #000000; background-color: transparent; font-weight: 400; font-variant: normal; text-decoration: none; vertical-align: baseline; white-space: pre-wrap;"">]</span></p>
<p style=""line-height: 1.38; margin-top: 0pt; margin-bottom: 0pt;""><span style=""font-size: 11pt; font-family: Arial; color: #000000; background-color: transparent; font-weight: 400; font-variant: normal; text-decoration: none; vertical-align: baseline; white-space: pre-wrap;"">(</span><span style=""font-size: 11pt; font-family: Arial; color: #cf3713; background-color: transparent; font-weight: 400; font-variant: normal; text-decoration: none; vertical-align: baseline; white-space: pre-wrap;"">ATTENTION</span><span style=""font-size: 11pt; font-family: Arial; color: #000000; background-color: transparent; font-weight: 400; font-variant: normal; text-decoration: none; vertical-align: baseline; white-space: pre-wrap;""> : </span><strong><span style=""font-size: 11pt; font-family: Arial; color: #000000; background-color: transparent; font-variant: normal; text-decoration: none; vertical-align: baseline; white-space: pre-wrap;"">l&egrave;</span></strong><span style=""font-size: 11pt; font-family: Arial; color: #000000; background-color: transparent; font-weight: 400; font-variant: normal; text-decoration: none; vertical-align: baseline; white-space: pre-wrap;""> peut &ecirc;tre SCONJ, ex : </span><strong><span style=""font-size: 11pt; font-family: Arial; color: #000000; background-color: transparent; font-variant: normal; text-decoration: none; vertical-align: baseline; white-space: pre-wrap;"">l&egrave;</span></strong><span style=""font-size: 11pt; font-family: Arial; color: #000000; background-color: transparent; font-weight: 400; font-variant: normal; text-decoration: none; vertical-align: baseline; white-space: pre-wrap;"">/SCONJ la pli ka tomb&eacute;, an ka tomb&eacute; malad )</span></p>
<p>&nbsp;</p>
<p style=""line-height: 1.38; margin-top: 0pt; margin-bottom: 0pt;""><span style=""font-size: 11pt; font-family: Arial; color: #000000; background-color: transparent; font-weight: 400; font-variant: normal; text-decoration: none; vertical-align: baseline; white-space: pre-wrap;"">REMARQUE : deux pronoms peuvent &ecirc;tre coll&eacute;s :</span></p>
<p><span style=""font-size: 10pt; font-family: Arial; color: #000000; background-color: #ffffff; font-weight: 400; font-variant: normal; text-decoration: none; vertical-align: baseline; white-space: pre-wrap;"">Ex : sa+ou =&gt; sa&rsquo;w &ldquo;</span><em><span style=""font-size: 10pt; font-family: Arial; color: #000000; background-color: #ffffff; font-weight: 400; font-variant: normal; text-decoration: none; vertical-align: baseline; white-space: pre-wrap;"">&eacute; an ka dans&eacute; s&eacute; ritm la, men si an pa ka tann </span></em><strong><em><span style=""font-size: 10pt; font-family: Arial; color: #000000; background-color: #ffffff; font-variant: normal; text-decoration: none; vertical-align: baseline; white-space: pre-wrap;"">sa'w/</span></em></strong><strong><em><span style=""font-size: 10pt; font-family: Arial; color: #cf3713; background-color: #ffffff; font-variant: normal; text-decoration: none; vertical-align: baseline; white-space: pre-wrap;"">PRON+PRON</span></em></strong> <em><span style=""font-size: 10pt; font-family: Arial; color: #000000; background-color: #ffffff; font-weight: 400; font-variant: normal; text-decoration: none; vertical-align: baseline; white-space: pre-wrap;"">ka tann&rdquo;</span></em></p>"
NOUN;Nom commun;"<p style=""line-height: 1.38; margin-top: 0pt; margin-bottom: 0pt;""><span style=""font-size: 11pt; font-family: Arial; color: #000000; background-color: transparent; font-weight: 400; font-variant: normal; text-decoration: underline; vertical-align: baseline; white-space: pre-wrap;"">NOUN</span></p>
<p style=""line-height: 1.38; margin-top: 0pt; margin-bottom: 0pt;""><span style=""font-size: 11pt; font-family: Arial; color: #000000; background-color: transparent; font-weight: 400; font-variant: normal; text-decoration: none; vertical-align: baseline; white-space: pre-wrap;"">Gwada an</span><strong><span style=""font-size: 11pt; font-family: Arial; color: #000000; background-color: transparent; font-variant: normal; text-decoration: none; vertical-align: baseline; white-space: pre-wrap;""> lanbo</span></strong></p>
<p style=""line-height: 1.38; margin-top: 0pt; margin-bottom: 0pt;""><span style=""font-size: 11pt; font-family: Arial; color: #000000; background-color: transparent; font-weight: 400; font-variant: normal; text-decoration: none; vertical-align: baseline; white-space: pre-wrap;"">si </span><strong><span style=""font-size: 11pt; font-family: Arial; color: #000000; background-color: transparent; font-variant: normal; text-decoration: none; vertical-align: baseline; white-space: pre-wrap;"">n&egrave;g</span></strong><span style=""font-size: 11pt; font-family: Arial; color: #000000; background-color: transparent; font-weight: 400; font-variant: normal; text-decoration: none; vertical-align: baseline; white-space: pre-wrap;""> pa enm&eacute; </span><strong><span style=""font-size: 11pt; font-family: Arial; color: #000000; background-color: transparent; font-variant: normal; text-decoration: none; vertical-align: baseline; white-space: pre-wrap;"">fwadi</span></strong><span style=""font-size: 11pt; font-family: Arial; color: #000000; background-color: transparent; font-weight: 400; font-variant: normal; text-decoration: none; vertical-align: baseline; white-space: pre-wrap;""> an s&egrave;ten i enm&eacute; fw&egrave;t</span></p>
<p style=""line-height: 1.38; margin-top: 0pt; margin-bottom: 0pt;""><span style=""font-size: 11pt; font-family: Arial; color: #000000; background-color: transparent; font-weight: 400; font-variant: normal; text-decoration: none; vertical-align: baseline; white-space: pre-wrap;"">on </span><strong><span style=""font-size: 11pt; font-family: Arial; color: #000000; background-color: transparent; font-variant: normal; text-decoration: none; vertical-align: baseline; white-space: pre-wrap;"">H.L.M</span></strong></p>
<p style=""line-height: 1.38; margin-top: 0pt; margin-bottom: 0pt;""><span style=""font-size: 11pt; font-family: Arial; color: #000000; background-color: transparent; font-weight: 400; font-variant: normal; text-decoration: none; vertical-align: baseline; white-space: pre-wrap;"">nou ka pal&eacute; </span><strong><span style=""font-size: 11pt; font-family: Arial; color: #000000; background-color: transparent; font-variant: normal; text-decoration: none; vertical-align: baseline; white-space: pre-wrap;"">krey</span></strong><strong><span style=""font-size: 11pt; font-family: Arial; color: #cf3713; background-color: transparent; font-variant: normal; text-decoration: none; vertical-align: baseline; white-space: pre-wrap;"">o</span></strong><strong><span style=""font-size: 11pt; font-family: Arial; color: #000000; background-color: transparent; font-variant: normal; text-decoration: none; vertical-align: baseline; white-space: pre-wrap;"">l </span></strong><span style=""font-size: 11pt; font-family: Arial; color: #000000; background-color: transparent; font-weight: 400; font-variant: normal; text-decoration: none; vertical-align: baseline; white-space: pre-wrap;"">(</span><span style=""font-size: 11pt; font-family: Arial; color: #cf3713; background-color: transparent; font-weight: 400; font-variant: normal; text-decoration: none; vertical-align: baseline; white-space: pre-wrap;"">ATTENTION</span><span style=""font-size: 11pt; font-family: Arial; color: #000000; background-color: transparent; font-weight: 400; font-variant: normal; text-decoration: none; vertical-align: baseline; white-space: pre-wrap;""> : </span><strong><span style=""font-size: 11pt; font-family: Arial; color: #000000; background-color: transparent; font-variant: normal; text-decoration: none; vertical-align: baseline; white-space: pre-wrap;"">krey</span></strong><strong><span style=""font-size: 11pt; font-family: Arial; color: #cf3713; background-color: transparent; font-variant: normal; text-decoration: none; vertical-align: baseline; white-space: pre-wrap;"">o</span></strong><strong><span style=""font-size: 11pt; font-family: Arial; color: #000000; background-color: transparent; font-variant: normal; text-decoration: none; vertical-align: baseline; white-space: pre-wrap;"">l</span></strong><span style=""font-size: 11pt; font-family: Arial; color: #000000; background-color: transparent; font-weight: 400; font-variant: normal; text-decoration: none; vertical-align: baseline; white-space: pre-wrap;""> peut &ecirc;tre ADJ, ex : chyen </span><strong><span style=""font-size: 11pt; font-family: Arial; color: #000000; background-color: transparent; font-variant: normal; text-decoration: none; vertical-align: baseline; white-space: pre-wrap;"">krey</span></strong><strong><span style=""font-size: 11pt; font-family: Arial; color: #cf3713; background-color: transparent; font-variant: normal; text-decoration: none; vertical-align: baseline; white-space: pre-wrap;"">o</span></strong><strong><span style=""font-size: 11pt; font-family: Arial; color: #000000; background-color: transparent; font-variant: normal; text-decoration: none; vertical-align: baseline; white-space: pre-wrap;"">l</span></strong><span style=""font-size: 11pt; font-family: Arial; color: #000000; background-color: transparent; font-weight: 400; font-variant: normal; text-decoration: none; vertical-align: baseline; white-space: pre-wrap;"">)</span></p>
<p>&nbsp;</p>"
VERB;Verbe;"<p style=""line-height: 1.38; margin-top: 0pt; margin-bottom: 0pt;""><span style=""font-size: 11pt; font-family: Arial; color: #000000; background-color: transparent; font-weight: 400; font-variant: normal; text-decoration: underline; vertical-align: baseline; white-space: pre-wrap;"">VERB</span></p>
<p>&nbsp;</p>
<p style=""line-height: 1.38; margin-top: 0pt; margin-bottom: 0pt;""><span style=""font-size: 11pt; font-family: Arial; color: #000000; background-color: transparent; font-weight: 400; font-variant: normal; text-decoration: none; vertical-align: baseline; white-space: pre-wrap;"">A d&eacute;fo yo ka </span><strong><span style=""font-size: 11pt; font-family: Arial; color: #000000; background-color: transparent; font-variant: normal; text-decoration: none; vertical-align: baseline; white-space: pre-wrap;"">tchenn</span></strong><span style=""font-size: 11pt; font-family: Arial; color: #000000; background-color: transparent; font-weight: 400; font-variant: normal; text-decoration: none; vertical-align: baseline; white-space: pre-wrap;""> nou an l&egrave;s &eacute; nou ka </span><strong><span style=""font-size: 11pt; font-family: Arial; color: #000000; background-color: transparent; font-variant: normal; text-decoration: none; vertical-align: baseline; white-space: pre-wrap;"">jap&eacute;</span></strong><span style=""font-size: 11pt; font-family: Arial; color: #000000; background-color: transparent; font-weight: 400; font-variant: normal; text-decoration: none; vertical-align: baseline; white-space: pre-wrap;""> l&egrave; alokasyon </span><strong><span style=""font-size: 11pt; font-family: Arial; color: #000000; background-color: transparent; font-variant: normal; text-decoration: none; vertical-align: baseline; white-space: pre-wrap;"">riv&eacute;</span></strong><span style=""font-size: 11pt; font-family: Arial; color: #000000; background-color: transparent; font-weight: 400; font-variant: normal; text-decoration: none; vertical-align: baseline; white-space: pre-wrap;""> tout moun ka </span><strong><span style=""font-size: 11pt; font-family: Arial; color: #000000; background-color: transparent; font-variant: normal; text-decoration: none; vertical-align: baseline; white-space: pre-wrap;"">p&eacute;.</span></strong></p>
<p style=""line-height: 1.38; margin-top: 0pt; margin-bottom: 0pt;""><span style=""font-size: 11pt; font-family: Arial; color: #000000; background-color: transparent; font-weight: 400; font-variant: normal; text-decoration: none; vertical-align: baseline; white-space: pre-wrap;"">an </span><strong><span style=""font-size: 11pt; font-family: Arial; color: #000000; background-color: transparent; font-variant: normal; text-decoration: none; vertical-align: baseline; white-space: pre-wrap;"">tromp&eacute;</span></strong><span style=""font-size: 11pt; font-family: Arial; color: #000000; background-color: transparent; font-weight: 400; font-variant: normal; text-decoration: none; vertical-align: baseline; white-space: pre-wrap;""> mwen</span></p>
<p style=""line-height: 1.38; margin-top: 0pt; margin-bottom: 0pt;""><span style=""font-size: 11pt; font-family: Arial; color: #000000; background-color: transparent; font-weight: 400; font-variant: normal; text-decoration: none; vertical-align: baseline; white-space: pre-wrap;"">Sa pa m&eacute;chan </span><strong><span style=""font-size: 11pt; font-family: Arial; color: #000000; background-color: transparent; font-variant: normal; text-decoration: none; vertical-align: baseline; white-space: pre-wrap;"">s&eacute;</span></strong><span style=""font-size: 11pt; font-family: Arial; color: #000000; background-color: transparent; font-weight: 400; font-variant: normal; text-decoration: none; vertical-align: baseline; white-space: pre-wrap;""> ri i ka ri ev&egrave;&rsquo;w</span></p>
<p style=""line-height: 1.38; margin-top: 0pt; margin-bottom: 0pt;""><span style=""font-size: 11pt; font-family: Arial; color: #000000; background-color: transparent; font-weight: 400; font-variant: normal; text-decoration: none; vertical-align: baseline; white-space: pre-wrap;"">Ola zot t&eacute; </span><strong><span style=""font-size: 11pt; font-family: Arial; color: #000000; background-color: transparent; font-variant: normal; text-decoration: none; vertical-align: baseline; white-space: pre-wrap;"">y&eacute;</span></strong><span style=""font-size: 11pt; font-family: Arial; color: #000000; background-color: transparent; font-weight: 400; font-variant: normal; text-decoration: none; vertical-align: baseline; white-space: pre-wrap;""> ?</span></p>
<p>&nbsp;</p>
<p style=""line-height: 1.38; margin-top: 0pt; margin-bottom: 0pt;""><span style=""font-size: 11pt; font-family: Arial; color: #000000; background-color: transparent; font-weight: 400; font-variant: normal; text-decoration: none; vertical-align: baseline; white-space: pre-wrap;"">cas de t&eacute; (suivi d&rsquo;adj =&gt; VERB, suivi de VERB =&gt; PART)</span></p>
<p>&nbsp;</p>
<p style=""line-height: 1.38; margin-top: 0pt; margin-bottom: 0pt;""><span style=""font-size: 11pt; font-family: Arial; color: #000000; background-color: transparent; font-weight: 400; font-variant: normal; text-decoration: none; vertical-align: baseline; white-space: pre-wrap;"">ATTENTION :</span></p>
<p style=""line-height: 1.38; margin-top: 0pt; margin-bottom: 0pt;""><span style=""font-size: 11pt; font-family: Arial; color: #000000; background-color: transparent; font-weight: 400; font-variant: normal; text-decoration: none; vertical-align: baseline; white-space: pre-wrap;"">1- Les verbes peuvent avoir la m&ecirc;me forme que les noms</span></p>
<p>&nbsp;</p>
<p style=""line-height: 1.38; margin-top: 0pt; margin-bottom: 0pt;""><span style=""font-size: 11pt; font-family: Arial; color: #000000; background-color: transparent; font-weight: 400; font-variant: normal; text-decoration: none; vertical-align: baseline; white-space: pre-wrap;"">I adan on </span><strong><span style=""font-size: 11pt; font-family: Arial; color: #000000; background-color: transparent; font-variant: normal; text-decoration: none; vertical-align: baseline; white-space: pre-wrap;"">pal&eacute;[NOUN]</span></strong><span style=""font-size: 11pt; font-family: Arial; color: #000000; background-color: transparent; font-weight: 400; font-variant: normal; text-decoration: none; vertical-align: baseline; white-space: pre-wrap;""> d&eacute;pi bo matin</span></p>
<p style=""line-height: 1.38; margin-top: 0pt; margin-bottom: 0pt;""><span style=""font-size: 11pt; font-family: Arial; color: #000000; background-color: transparent; font-weight: 400; font-variant: normal; text-decoration: none; vertical-align: baseline; white-space: pre-wrap;"">I ka </span><strong><span style=""font-size: 11pt; font-family: Arial; color: #000000; background-color: transparent; font-variant: normal; text-decoration: none; vertical-align: baseline; white-space: pre-wrap;"">pal&eacute;[VERB]</span></strong><span style=""font-size: 11pt; font-family: Arial; color: #000000; background-color: transparent; font-weight: 400; font-variant: normal; text-decoration: none; vertical-align: baseline; white-space: pre-wrap;"">d&eacute;pi bo matin</span></p>
<p>&nbsp;</p>
<p style=""line-height: 1.38; margin-top: 0pt; margin-bottom: 0pt;""><span style=""font-size: 11pt; font-family: Arial; color: #000000; background-color: transparent; font-weight: 400; font-variant: normal; text-decoration: none; vertical-align: baseline; white-space: pre-wrap;"">Pou ki biten ou ka </span><strong><span style=""font-size: 11pt; font-family: Arial; color: #000000; background-color: transparent; font-variant: normal; text-decoration: none; vertical-align: baseline; white-space: pre-wrap;"">manj&eacute;[VERB]</span></strong><span style=""font-size: 11pt; font-family: Arial; color: #000000; background-color: transparent; font-weight: 400; font-variant: normal; text-decoration: none; vertical-align: baseline; white-space: pre-wrap;""> vit kon sa</span></p>
<p style=""line-height: 1.38; margin-top: 0pt; margin-bottom: 0pt;""><strong><span style=""font-size: 11pt; font-family: Arial; color: #000000; background-color: transparent; font-variant: normal; text-decoration: none; vertical-align: baseline; white-space: pre-wrap;"">Manj&eacute;[NOUN]</span></strong><span style=""font-size: 11pt; font-family: Arial; color: #000000; background-color: transparent; font-weight: 400; font-variant: normal; text-decoration: none; vertical-align: baseline; white-space: pre-wrap;""> la ka kuit</span></p>
<p><br /><br /></p>
<p style=""line-height: 1.38; margin-top: 0pt; margin-bottom: 0pt;""><span style=""font-size: 11pt; font-family: Arial; color: #000000; background-color: transparent; font-weight: 400; font-variant: normal; text-decoration: none; vertical-align: baseline; white-space: pre-wrap;"">2-Ils peuvent &ecirc;tre accompagn&eacute;s de particules. Dans ce cas ,ils sont annot&eacute;s :</span></p>
<p><span style=""font-size: 11pt; font-family: Arial; color: #000000; background-color: transparent; font-weight: 400; font-variant: normal; text-decoration: none; vertical-align: baseline; white-space: pre-wrap;"">Ou</span><strong><span style=""font-size: 11pt; font-family: Arial; color: #000000; background-color: transparent; font-variant: normal; text-decoration: none; vertical-align: baseline; white-space: pre-wrap;""> ka</span></strong><span style=""font-size: 11pt; font-family: Arial; color: #000000; background-color: transparent; font-weight: 400; font-variant: normal; text-decoration: none; vertical-align: baseline; white-space: pre-wrap;"">[PART] </span><strong><span style=""font-size: 11pt; font-family: Arial; color: #000000; background-color: transparent; font-variant: normal; text-decoration: none; vertical-align: baseline; white-space: pre-wrap;"">dispar&egrave;t[VERB]</span></strong><span style=""font-size: 11pt; font-family: Arial; color: #000000; background-color: transparent; font-weight: 400; font-variant: normal; text-decoration: none; vertical-align: baseline; white-space: pre-wrap;"">, an moins tan k&egrave; ou </span><strong><span style=""font-size: 11pt; font-family: Arial; color: #000000; background-color: transparent; font-variant: normal; text-decoration: none; vertical-align: baseline; white-space: pre-wrap;"">ka[PART] riv&eacute;[VERB]</span></strong></p>"
ADJ;Adjectif;"<p style=""line-height: 1.38; margin-top: 0pt; margin-bottom: 0pt;""><span style=""font-size: 11pt; font-family: Arial; color: #000000; background-color: transparent; font-weight: 400; font-variant: normal; text-decoration: underline; vertical-align: baseline; white-space: pre-wrap;"">ADJ</span></p>
<p style=""line-height: 1.38; margin-top: 0pt; margin-bottom: 0pt;""><span style=""font-size: 11pt; font-family: Arial; color: #000000; background-color: transparent; font-weight: 400; font-variant: normal; text-decoration: none; vertical-align: baseline; white-space: pre-wrap;"">Lagwadloup&eacute;&egrave;nn s&eacute; on </span><strong><span style=""font-size: 11pt; font-family: Arial; color: #000000; background-color: transparent; font-variant: normal; text-decoration: none; vertical-align: baseline; white-space: pre-wrap;"">ti </span></strong><span style=""font-size: 11pt; font-family: Arial; color: #000000; background-color: transparent; font-weight: 400; font-variant: normal; text-decoration: none; vertical-align: baseline; white-space: pre-wrap;"">fl&egrave;, s&eacute; on </span><strong><span style=""font-size: 11pt; font-family: Arial; color: #000000; background-color: transparent; font-variant: normal; text-decoration: none; vertical-align: baseline; white-space: pre-wrap;"">ti</span></strong><span style=""font-size: 11pt; font-family: Arial; color: #000000; background-color: transparent; font-weight: 400; font-variant: normal; text-decoration: none; vertical-align: baseline; white-space: pre-wrap;""> popot </span><strong><span style=""font-size: 11pt; font-family: Arial; color: #000000; background-color: transparent; font-variant: normal; text-decoration: none; vertical-align: baseline; white-space: pre-wrap;"">dor&eacute;</span></strong></p>
<p style=""line-height: 1.38; margin-top: 0pt; margin-bottom: 0pt;""><span style=""font-size: 11pt; font-family: Arial; color: #000000; background-color: transparent; font-weight: 400; font-variant: normal; text-decoration: none; vertical-align: baseline; white-space: pre-wrap;"">Lavi-la two </span><strong><span style=""font-size: 11pt; font-family: Arial; color: #000000; background-color: transparent; font-variant: normal; text-decoration: none; vertical-align: baseline; white-space: pre-wrap;"">kout</span></strong></p>
<p style=""line-height: 1.38; margin-top: 0pt; margin-bottom: 0pt;""><span style=""font-size: 11pt; font-family: Arial; color: #000000; background-color: transparent; font-weight: 400; font-variant: normal; text-decoration: none; vertical-align: baseline; white-space: pre-wrap;"">Mami pa </span><strong><span style=""font-size: 11pt; font-family: Arial; color: #000000; background-color: transparent; font-variant: normal; text-decoration: none; vertical-align: baseline; white-space: pre-wrap;"">maldad</span></strong><span style=""font-size: 11pt; font-family: Arial; color: #000000; background-color: transparent; font-weight: 400; font-variant: normal; text-decoration: none; vertical-align: baseline; white-space: pre-wrap;"">, soupl&eacute; ba'y on fav&egrave;</span></p>
<p style=""line-height: 1.38; margin-top: 0pt; margin-bottom: 0pt;""><span style=""font-size: 11pt; font-family: Arial; color: #000000; background-color: transparent; font-weight: 400; font-variant: normal; text-decoration: none; vertical-align: baseline; white-space: pre-wrap;"">Ou sav jan ti boug aw </span><strong><span style=""font-size: 11pt; font-family: Arial; color: #000000; background-color: transparent; font-variant: normal; text-decoration: none; vertical-align: baseline; white-space: pre-wrap;"">savan</span></strong></p>
<p style=""line-height: 1.38; margin-top: 0pt; margin-bottom: 0pt;""><span style=""font-size: 11pt; font-family: Arial; color: #000000; background-color: transparent; font-weight: 400; font-variant: normal; text-decoration: none; vertical-align: baseline; white-space: pre-wrap;"">S&eacute; </span><strong><span style=""font-size: 11pt; font-family: Arial; color: #000000; background-color: transparent; font-variant: normal; text-decoration: none; vertical-align: baseline; white-space: pre-wrap;"">pr&egrave;mi&eacute;</span></strong><span style=""font-size: 11pt; font-family: Arial; color: #000000; background-color: transparent; font-weight: 400; font-variant: normal; text-decoration: none; vertical-align: baseline; white-space: pre-wrap;""> fwa i ka f&egrave; sa</span></p>
<p style=""line-height: 1.38; margin-top: 0pt; margin-bottom: 0pt;""><span style=""font-size: 11pt; font-family: Arial; color: #000000; background-color: transparent; font-weight: 400; font-variant: normal; text-decoration: none; vertical-align: baseline; white-space: pre-wrap;"">i ka pal&eacute; </span><strong><span style=""font-size: 11pt; font-family: Arial; color: #000000; background-color: transparent; font-variant: normal; text-decoration: none; vertical-align: baseline; white-space: pre-wrap;"">f</span></strong><strong><span style=""font-size: 11pt; font-family: Arial; color: #cf3713; background-color: transparent; font-variant: normal; text-decoration: none; vertical-align: baseline; white-space: pre-wrap;"">o</span></strong></p>
<p style=""line-height: 1.38; margin-top: 0pt; margin-bottom: 0pt;""><span style=""font-size: 11pt; font-family: Arial; color: #000000; background-color: transparent; font-weight: 400; font-variant: normal; text-decoration: none; vertical-align: baseline; white-space: pre-wrap;"">on </span><strong><span style=""font-size: 11pt; font-family: Arial; color: #000000; background-color: transparent; font-variant: normal; text-decoration: none; vertical-align: baseline; white-space: pre-wrap;"">s&egrave;l </span></strong><span style=""font-size: 11pt; font-family: Arial; color: #000000; background-color: transparent; font-weight: 400; font-variant: normal; text-decoration: none; vertical-align: baseline; white-space: pre-wrap;"">boug</span></p>"
ADV;Adverbe;"<p style=""line-height: 1.38; margin-top: 0pt; margin-bottom: 0pt;""><span style=""font-size: 11pt; font-family: Arial; color: #000000; background-color: transparent; font-weight: 400; font-variant: normal; text-decoration: underline; vertical-align: baseline; white-space: pre-wrap;"">ADV</span></p>
<p style=""line-height: 1.38; margin-top: 0pt; margin-bottom: 0pt;""><span style=""font-size: 11pt; font-family: Arial; color: #000000; background-color: transparent; font-weight: 400; font-variant: normal; text-decoration: none; vertical-align: baseline; white-space: pre-wrap;"">ou ka pri&eacute; </span><strong><span style=""font-size: 11pt; font-family: Arial; color: #000000; background-color: transparent; font-variant: normal; text-decoration: none; vertical-align: baseline; white-space: pre-wrap;"">bien</span></strong> <strong><span style=""font-size: 11pt; font-family: Arial; color: #000000; background-color: transparent; font-variant: normal; text-decoration: none; vertical-align: baseline; white-space: pre-wrap;"">&eacute;vidamen </span></strong></p>
<p style=""line-height: 1.38; margin-top: 0pt; margin-bottom: 0pt;""><span style=""font-size: 11pt; font-family: Arial; color: #000000; background-color: transparent; font-weight: 400; font-variant: normal; text-decoration: none; vertical-align: baseline; white-space: pre-wrap;"">m&eacute; p&eacute;t&egrave;t pa </span><strong><span style=""font-size: 11pt; font-family: Arial; color: #000000; background-color: transparent; font-variant: normal; text-decoration: none; vertical-align: baseline; white-space: pre-wrap;"">sifizamen</span></strong></p>
<p style=""line-height: 1.38; margin-top: 0pt; margin-bottom: 0pt;""><strong><span style=""font-size: 11pt; font-family: Arial; color: #000000; background-color: transparent; font-variant: normal; text-decoration: none; vertical-align: baseline; white-space: pre-wrap;"">Pli </span></strong><span style=""font-size: 11pt; font-family: Arial; color: #000000; background-color: transparent; font-weight: 400; font-variant: normal; text-decoration: none; vertical-align: baseline; white-space: pre-wrap;"">gran la</span></p>
<p style=""line-height: 1.38; margin-top: 0pt; margin-bottom: 0pt;""><strong><span style=""font-size: 11pt; font-family: Arial; color: #000000; background-color: transparent; font-variant: normal; text-decoration: none; vertical-align: baseline; white-space: pre-wrap;"">Pa</span></strong><span style=""font-size: 11pt; font-family: Arial; color: #000000; background-color: transparent; font-weight: 400; font-variant: normal; text-decoration: none; vertical-align: baseline; white-space: pre-wrap;""> ni</span><strong><span style=""font-size: 11pt; font-family: Arial; color: #000000; background-color: transparent; font-variant: normal; text-decoration: none; vertical-align: baseline; white-space: pre-wrap;""> ass&eacute;</span></strong><span style=""font-size: 11pt; font-family: Arial; color: #000000; background-color: transparent; font-weight: 400; font-variant: normal; text-decoration: none; vertical-align: baseline; white-space: pre-wrap;""> ji </span></p>
<p style=""line-height: 1.38; margin-top: 0pt; margin-bottom: 0pt;""><strong><span style=""font-size: 11pt; font-family: Arial; color: #000000; background-color: transparent; font-variant: normal; text-decoration: none; vertical-align: baseline; white-space: pre-wrap;"">Apa </span></strong><span style=""font-size: 11pt; font-family: Arial; color: #000000; background-color: transparent; font-weight: 400; font-variant: normal; text-decoration: none; vertical-align: baseline; white-space: pre-wrap;"">sa an di&rsquo;w</span></p>
<p style=""line-height: 1.38; margin-top: 0pt; margin-bottom: 0pt;""><strong><span style=""font-size: 11pt; font-family: Arial; color: #000000; background-color: transparent; font-variant: normal; text-decoration: none; vertical-align: baseline; white-space: pre-wrap;"">onlo </span></strong><span style=""font-size: 11pt; font-family: Arial; color: #000000; background-color: transparent; font-weight: 400; font-variant: normal; text-decoration: none; vertical-align: baseline; white-space: pre-wrap;"">moun, </span><strong><span style=""font-size: 11pt; font-family: Arial; color: #000000; background-color: transparent; font-variant: normal; text-decoration: none; vertical-align: baseline; white-space: pre-wrap;"">tibwen</span></strong></p>
<p style=""line-height: 1.38; margin-top: 0pt; margin-bottom: 0pt;""><strong><span style=""font-size: 11pt; font-family: Arial; color: #000000; background-color: transparent; font-variant: normal; text-decoration: none; vertical-align: baseline; white-space: pre-wrap;"">menmsi</span></strong><span style=""font-size: 11pt; font-family: Arial; color: #000000; background-color: transparent; font-weight: 400; font-variant: normal; text-decoration: none; vertical-align: baseline; white-space: pre-wrap;"">...</span></p>
<p style=""line-height: 1.38; margin-top: 0pt; margin-bottom: 0pt;""><strong><span style=""font-size: 11pt; font-family: Arial; color: #000000; background-color: transparent; font-variant: normal; text-decoration: none; vertical-align: baseline; white-space: pre-wrap;"">yinki </span></strong><span style=""font-size: 11pt; font-family: Arial; color: #000000; background-color: transparent; font-weight: 400; font-variant: normal; text-decoration: none; vertical-align: baseline; white-space: pre-wrap;"">vou an ka vw&egrave;</span></p>
<p style=""line-height: 1.38; margin-top: 0pt; margin-bottom: 0pt;""><strong><span style=""font-size: 11pt; font-family: Arial; color: #000000; background-color: transparent; font-variant: normal; text-decoration: none; vertical-align: baseline; white-space: pre-wrap;"">janm&egrave;</span></strong></p>
<p style=""line-height: 1.38; margin-top: 0pt; margin-bottom: 0pt;""><span style=""font-size: 11pt; font-family: Arial; color: #000000; background-color: transparent; font-weight: 400; font-variant: normal; text-decoration: none; vertical-align: baseline; white-space: pre-wrap;"">tini </span><strong><span style=""font-size: 11pt; font-family: Arial; color: #000000; background-color: transparent; font-variant: normal; text-decoration: none; vertical-align: baseline; white-space: pre-wrap;"">on_pil/onlo </span></strong><span style=""font-size: 11pt; font-family: Arial; color: #000000; background-color: transparent; font-weight: 400; font-variant: normal; text-decoration: none; vertical-align: baseline; white-space: pre-wrap;"">mango an jadin la</span></p>"
AUX;Auxiliaire;"<p style=""line-height: 1.38; margin-top: 0pt; margin-bottom: 0pt;""><span style=""font-size: 11pt; font-family: Arial; color: #000000; background-color: transparent; font-weight: 400; font-variant: normal; text-decoration: underline; vertical-align: baseline; white-space: pre-wrap;"">AUX</span></p>
<p style=""line-height: 1.38; margin-top: 0pt; margin-bottom: 0pt;""><span style=""font-size: 11pt; font-family: Arial; color: #000000; background-color: transparent; font-weight: 400; font-variant: normal; text-decoration: none; vertical-align: baseline; white-space: pre-wrap;"">An pa </span><strong><span style=""font-size: 11pt; font-family: Arial; color: #000000; background-color: transparent; font-variant: normal; text-decoration: none; vertical-align: baseline; white-space: pre-wrap;"">bizwen </span></strong><span style=""font-size: 11pt; font-family: Arial; color: #000000; background-color: transparent; font-weight: 400; font-variant: normal; text-decoration: none; vertical-align: baseline; white-space: pre-wrap;"">al&eacute; kouri</span></p>
<p style=""line-height: 1.38; margin-top: 0pt; margin-bottom: 0pt;""><strong><span style=""font-size: 11pt; font-family: Arial; color: #000000; background-color: transparent; font-variant: normal; text-decoration: none; vertical-align: baseline; white-space: pre-wrap;"">Fo</span></strong><span style=""font-size: 11pt; font-family: Arial; color: #000000; background-color: transparent; font-weight: 400; font-variant: normal; text-decoration: none; vertical-align: baseline; white-space: pre-wrap;""> ou sav k&egrave; an sav,s&eacute; subi ou ka sibi sa</span></p>
<p style=""line-height: 1.38; margin-top: 0pt; margin-bottom: 0pt;""><span style=""font-size: 11pt; font-family: Arial; color: #000000; background-color: transparent; font-weight: 400; font-variant: normal; text-decoration: none; vertical-align: baseline; white-space: pre-wrap;"">On ven </span><strong><span style=""font-size: 11pt; font-family: Arial; color: #000000; background-color: transparent; font-variant: normal; text-decoration: none; vertical-align: baseline; white-space: pre-wrap;"">p&egrave; </span></strong><span style=""font-size: 11pt; font-family: Arial; color: #000000; background-color: transparent; font-weight: 400; font-variant: normal; text-decoration: none; vertical-align: baseline; white-space: pre-wrap;"">pas&eacute;, chayi&eacute; tou sa ki ni</span></p>
<p style=""line-height: 1.38; margin-top: 0pt; margin-bottom: 0pt;"">&nbsp;</p>
<p style=""line-height: 1.38; margin-top: 0pt; margin-bottom: 0pt;""><span style=""font-size: 11pt; font-family: Arial; color: #000000; background-color: transparent; font-weight: 400; font-variant: normal; text-decoration: none; vertical-align: baseline; white-space: pre-wrap;"">ATTENTION </span></p>
<p style=""line-height: 1.38; margin-top: 0pt; margin-bottom: 0pt;""><span style=""font-size: 11pt; font-family: Arial; color: #000000; background-color: transparent; font-weight: 400; font-variant: normal; text-decoration: none; vertical-align: baseline; white-space: pre-wrap;"">1-Certain auxiliaires peuvent aussi &ecirc;tre des verbes.</span></p>
<p style=""line-height: 1.38; margin-top: 0pt; margin-bottom: 0pt;""><span style=""font-size: 11pt; font-family: Arial; color: #000000; background-color: transparent; font-weight: 400; font-variant: normal; text-decoration: none; vertical-align: baseline; white-space: pre-wrap;"">An pas bizwen</span><strong><span style=""font-size: 11pt; font-family: Arial; color: #000000; background-color: transparent; font-variant: normal; text-decoration: none; vertical-align: baseline; white-space: pre-wrap;"">/AUX </span></strong><span style=""font-size: 11pt; font-family: Arial; color: #000000; background-color: transparent; font-weight: 400; font-variant: normal; text-decoration: none; vertical-align: baseline; white-space: pre-wrap;"">travay</span></p>
<p style=""line-height: 1.38; margin-top: 0pt; margin-bottom: 0pt;""><span style=""font-size: 11pt; font-family: Arial; color: #000000; background-color: transparent; font-weight: 400; font-variant: normal; text-decoration: none; vertical-align: baseline; white-space: pre-wrap;"">An bizwen</span><strong><span style=""font-size: 11pt; font-family: Arial; color: #000000; background-color: transparent; font-variant: normal; text-decoration: none; vertical-align: baseline; white-space: pre-wrap;"">/VERB </span></strong><span style=""font-size: 11pt; font-family: Arial; color: #000000; background-color: transparent; font-weight: 400; font-variant: normal; text-decoration: none; vertical-align: baseline; white-space: pre-wrap;"">on mosso papi&eacute;</span></p>
<p style=""line-height: 1.38; margin-top: 0pt; margin-bottom: 0pt;"">&nbsp;</p>"
PART;Particule;"<p style=""line-height: 1.38; margin-top: 0pt; margin-bottom: 0pt;""><span style=""font-size: 11pt; font-family: Arial; color: #000000; background-color: transparent; font-weight: 400; font-variant: normal; text-decoration: underline; vertical-align: baseline; white-space: pre-wrap;"">PART</span></p>
<p style=""line-height: 1.38; margin-top: 0pt; margin-bottom: 0pt;""><span style=""font-size: 11pt; font-family: Arial; color: #000000; background-color: transparent; font-weight: 400; font-variant: normal; text-decoration: none; vertical-align: baseline; white-space: pre-wrap;"">Ou </span><strong><span style=""font-size: 11pt; font-family: Arial; color: #000000; background-color: transparent; font-variant: normal; text-decoration: none; vertical-align: baseline; white-space: pre-wrap;"">ka </span></strong><span style=""font-size: 11pt; font-family: Arial; color: #000000; background-color: transparent; font-weight: 400; font-variant: normal; text-decoration: none; vertical-align: baseline; white-space: pre-wrap;"">f&egrave; sa'w kw&egrave; ki mi&eacute;</span></p>
<p style=""line-height: 1.38; margin-top: 0pt; margin-bottom: 0pt;""><span style=""font-size: 11pt; font-family: Arial; color: #000000; background-color: transparent; font-weight: 400; font-variant: normal; text-decoration: none; vertical-align: baseline; white-space: pre-wrap;"">An </span><strong><span style=""font-size: 11pt; font-family: Arial; color: #000000; background-color: transparent; font-variant: normal; text-decoration: none; vertical-align: baseline; white-space: pre-wrap;"">k&eacute; </span></strong><span style=""font-size: 11pt; font-family: Arial; color: #000000; background-color: transparent; font-weight: 400; font-variant: normal; text-decoration: none; vertical-align: baseline; white-space: pre-wrap;"">menm di'w kon sa</span></p>
<p style=""line-height: 1.38; margin-top: 0pt; margin-bottom: 0pt;""><span style=""font-size: 11pt; font-family: Arial; color: #000000; background-color: transparent; font-weight: 400; font-variant: normal; text-decoration: none; vertical-align: baseline; white-space: pre-wrap;"">Zot </span><strong><span style=""font-size: 11pt; font-family: Arial; color: #000000; background-color: transparent; font-variant: normal; text-decoration: none; vertical-align: baseline; white-space: pre-wrap;"">t&eacute; ka</span></strong><span style=""font-size: 11pt; font-family: Arial; color: #000000; background-color: transparent; font-weight: 400; font-variant: normal; text-decoration: none; vertical-align: baseline; white-space: pre-wrap;""> pal&eacute; m&eacute; ola zot apw&eacute;zan?</span></p>
<p style=""line-height: 1.38; margin-top: 0pt; margin-bottom: 0pt;"">&nbsp;</p>
<p style=""line-height: 1.38; margin-top: 0pt; margin-bottom: 0pt;""><span style=""font-size: 11pt; font-family: Arial; color: #000000; background-color: transparent; font-weight: 400; font-variant: normal; text-decoration: none; vertical-align: baseline; white-space: pre-wrap;"">ATTENTION </span></p>
<p style=""line-height: 1.38; margin-top: 0pt; margin-bottom: 0pt;""><span style=""font-size: 11pt; font-family: Arial; color: #000000; background-color: transparent; font-weight: 400; font-variant: normal; text-decoration: none; vertical-align: baseline; white-space: pre-wrap;"">Certaines particules peuvent aussi &ecirc;tre des pronoms</span></p>
<p style=""line-height: 1.38; margin-top: 0pt; margin-bottom: 0pt;"">&nbsp;</p>
<p style=""line-height: 1.38; margin-top: 0pt; margin-bottom: 0pt;""><strong><span style=""font-size: 11pt; font-family: Arial; color: #000000; background-color: transparent; font-variant: normal; text-decoration: none; vertical-align: baseline; white-space: pre-wrap;"">Ka[PRON] </span></strong><span style=""font-size: 11pt; font-family: Arial; color: #000000; background-color: transparent; font-weight: 400; font-variant: normal; text-decoration: none; vertical-align: baseline; white-space: pre-wrap;"">ou p&egrave;d la?</span><span style=""font-size: 11pt; font-family: Arial; color: #000000; background-color: transparent; font-weight: 400; font-variant: normal; text-decoration: underline; vertical-align: baseline; white-space: pre-wrap;"">AUX</span></p>
<p style=""line-height: 1.38; margin-top: 0pt; margin-bottom: 0pt;""><span style=""font-size: 11pt; font-family: Arial; color: #000000; background-color: transparent; font-weight: 400; font-variant: normal; text-decoration: none; vertical-align: baseline; white-space: pre-wrap;"">An pa </span><strong><span style=""font-size: 11pt; font-family: Arial; color: #000000; background-color: transparent; font-variant: normal; text-decoration: none; vertical-align: baseline; white-space: pre-wrap;"">bizwen </span></strong><span style=""font-size: 11pt; font-family: Arial; color: #000000; background-color: transparent; font-weight: 400; font-variant: normal; text-decoration: none; vertical-align: baseline; white-space: pre-wrap;"">al&eacute; kouri</span></p>
<p style=""line-height: 1.38; margin-top: 0pt; margin-bottom: 0pt;""><strong><span style=""font-size: 11pt; font-family: Arial; color: #000000; background-color: transparent; font-variant: normal; text-decoration: none; vertical-align: baseline; white-space: pre-wrap;"">Fo</span></strong><span style=""font-size: 11pt; font-family: Arial; color: #000000; background-color: transparent; font-weight: 400; font-variant: normal; text-decoration: none; vertical-align: baseline; white-space: pre-wrap;""> ou sav k&egrave; an sav,s&eacute; subi ou ka sibi sa</span></p>
<p style=""line-height: 1.38; margin-top: 0pt; margin-bottom: 0pt;""><span style=""font-size: 11pt; font-family: Arial; color: #000000; background-color: transparent; font-weight: 400; font-variant: normal; text-decoration: none; vertical-align: baseline; white-space: pre-wrap;"">On ven </span><strong><span style=""font-size: 11pt; font-family: Arial; color: #000000; background-color: transparent; font-variant: normal; text-decoration: none; vertical-align: baseline; white-space: pre-wrap;"">p&egrave; </span></strong><span style=""font-size: 11pt; font-family: Arial; color: #000000; background-color: transparent; font-weight: 400; font-variant: normal; text-decoration: none; vertical-align: baseline; white-space: pre-wrap;"">pas&eacute;, chayi&eacute; tou sa ki ni</span></p>
<p style=""line-height: 1.38; margin-top: 0pt; margin-bottom: 0pt;"">&nbsp;</p>
<p style=""line-height: 1.38; margin-top: 0pt; margin-bottom: 0pt;""><span style=""font-size: 11pt; font-family: Arial; color: #000000; background-color: transparent; font-weight: 400; font-variant: normal; text-decoration: none; vertical-align: baseline; white-space: pre-wrap;"">ATTENTION </span></p>
<p style=""line-height: 1.38; margin-top: 0pt; margin-bottom: 0pt;""><span style=""font-size: 11pt; font-family: Arial; color: #000000; background-color: transparent; font-weight: 400; font-variant: normal; text-decoration: none; vertical-align: baseline; white-space: pre-wrap;"">1-Certain auxiliaires peuvent aussi &ecirc;tre des verbes.</span></p>
<p style=""line-height: 1.38; margin-top: 0pt; margin-bottom: 0pt;""><span style=""font-size: 11pt; font-family: Arial; color: #000000; background-color: transparent; font-weight: 400; font-variant: normal; text-decoration: none; vertical-align: baseline; white-space: pre-wrap;"">An pas bizwen</span><strong><span style=""font-size: 11pt; font-family: Arial; color: #000000; background-color: transparent; font-variant: normal; text-decoration: none; vertical-align: baseline; white-space: pre-wrap;"">/AUX </span></strong><span style=""font-size: 11pt; font-family: Arial; color: #000000; background-color: transparent; font-weight: 400; font-variant: normal; text-decoration: none; vertical-align: baseline; white-space: pre-wrap;"">travay</span></p>
<p style=""line-height: 1.38; margin-top: 0pt; margin-bottom: 0pt;""><span style=""font-size: 11pt; font-family: Arial; color: #000000; background-color: transparent; font-weight: 400; font-variant: normal; text-decoration: none; vertical-align: baseline; white-space: pre-wrap;"">An bizwen</span><strong><span style=""font-size: 11pt; font-family: Arial; color: #000000; background-color: transparent; font-variant: normal; text-decoration: none; vertical-align: baseline; white-space: pre-wrap;"">/VERB </span></strong><span style=""font-size: 11pt; font-family: Arial; color: #000000; background-color: transparent; font-weight: 400; font-variant: normal; text-decoration: none; vertical-align: baseline; white-space: pre-wrap;"">on mosso papi&eacute;</span></p>
<p style=""line-height: 1.38; margin-top: 0pt; margin-bottom: 0pt;""><br /><br /></p>
<p style=""line-height: 1.38; margin-top: 0pt; margin-bottom: 0pt;""><span style=""font-size: 11pt; font-family: Arial; color: #000000; background-color: transparent; font-weight: 400; font-variant: normal; text-decoration: none; vertical-align: baseline; white-space: pre-wrap;"">En </span><strong><span style=""font-size: 11pt; font-family: Arial; color: #000000; background-color: transparent; font-variant: normal; text-decoration: none; vertical-align: baseline; white-space: pre-wrap;"">ka [PART] </span></strong><span style=""font-size: 11pt; font-family: Arial; color: #000000; background-color: transparent; font-weight: 400; font-variant: normal; text-decoration: none; vertical-align: baseline; white-space: pre-wrap;"">vin on fwa menm.</span></p>
<p style=""line-height: 1.38; margin-top: 0pt; margin-bottom: 0pt;"">&nbsp;</p>
<p style=""line-height: 1.38; margin-top: 0pt; margin-bottom: 0pt;""><span style=""font-size: 11pt; font-family: Arial; color: #000000; background-color: transparent; font-weight: 400; font-variant: normal; text-decoration: none; vertical-align: baseline; white-space: pre-wrap;"">REMARQUE </span></p>
<p style=""line-height: 1.38; margin-top: 0pt; margin-bottom: 0pt;""><span style=""font-size: 11pt; font-family: Arial; color: #000000; background-color: transparent; font-weight: 400; font-variant: normal; text-decoration: none; vertical-align: baseline; white-space: pre-wrap;"">Une particule peut &ecirc;tre coll&eacute;e &agrave; un verbe :</span></p>
<p style=""line-height: 1.38; margin-top: 0pt; margin-bottom: 0pt;""><span style=""font-size: 11pt; font-family: Arial; color: #000000; background-color: transparent; font-weight: 400; font-variant: normal; text-decoration: none; vertical-align: baseline; white-space: pre-wrap;"">yo </span><strong><span style=""font-size: 11pt; font-family: Arial; color: #000000; background-color: transparent; font-variant: normal; text-decoration: none; vertical-align: baseline; white-space: pre-wrap;"">k&rsquo;ay</span></strong><span style=""font-size: 11pt; font-family: Arial; color: #000000; background-color: transparent; font-weight: 400; font-variant: normal; text-decoration: none; vertical-align: baseline; white-space: pre-wrap;"">/PART+VERB gangn&eacute;</span></p>
<p style=""line-height: 1.38; margin-top: 0pt; margin-bottom: 0pt;""><span style=""font-size: 11pt; font-family: Arial; color: #000000; background-color: transparent; font-weight: 400; font-variant: normal; text-decoration: none; vertical-align: baseline; white-space: pre-wrap;"">i </span><strong><span style=""font-size: 11pt; font-family: Arial; color: #000000; background-color: transparent; font-variant: normal; text-decoration: none; vertical-align: baseline; white-space: pre-wrap;"">t&eacute; ka</span></strong><span style=""font-size: 11pt; font-family: Arial; color: #000000; background-color: transparent; font-weight: 400; font-variant: normal; text-decoration: none; vertical-align: baseline; white-space: pre-wrap;"">/PART+VERB pal&eacute;</span></p>
<p style=""line-height: 1.38; margin-top: 0pt; margin-bottom: 0pt;""><span style=""font-size: 11pt; font-family: Arial; color: #000000; background-color: transparent; font-weight: 400; font-variant: normal; text-decoration: none; vertical-align: baseline; white-space: pre-wrap;"">ou</span><strong><span style=""font-size: 11pt; font-family: Arial; color: #000000; background-color: transparent; font-variant: normal; text-decoration: none; vertical-align: baseline; white-space: pre-wrap;""> t&eacute; k&eacute; ka</span></strong><span style=""font-size: 11pt; font-family: Arial; color: #000000; background-color: transparent; font-weight: 400; font-variant: normal; text-decoration: none; vertical-align: baseline; white-space: pre-wrap;"">/PART+VERB pati </span></p>"
CCONJ;Conjonction de coordination;"<p style=""line-height: 1.38; margin-top: 0pt; margin-bottom: 0pt;""><span style=""font-size: 11pt; font-family: Arial; color: #000000; background-color: transparent; font-weight: 400; font-variant: normal; text-decoration: underline; vertical-align: baseline; white-space: pre-wrap;"">CCONJ</span></p>
<p style=""line-height: 1.38; margin-top: 0pt; margin-bottom: 0pt;"">&nbsp;</p>
<p style=""line-height: 1.38; margin-top: 0pt; margin-bottom: 0pt;""><span style=""font-size: 11pt; font-family: Arial; color: #000000; background-color: transparent; font-weight: 400; font-variant: normal; text-decoration: none; vertical-align: baseline; white-space: pre-wrap;"">Ou k&eacute; riv&eacute; a midi </span><strong><span style=""font-size: 11pt; font-family: Arial; color: #000000; background-color: transparent; font-variant: normal; text-decoration: none; vertical-align: baseline; white-space: pre-wrap;"">ou </span></strong><span style=""font-size: 11pt; font-family: Arial; color: #000000; background-color: transparent; font-weight: 400; font-variant: normal; text-decoration: none; vertical-align: baseline; white-space: pre-wrap;"">minuit?</span></p>
<p style=""line-height: 1.38; margin-top: 0pt; margin-bottom: 0pt;""><span style=""font-size: 11pt; font-family: Arial; color: #000000; background-color: transparent; font-weight: 400; font-variant: normal; text-decoration: none; vertical-align: baseline; white-space: pre-wrap;"">An t&eacute; ni on manman </span><strong><span style=""font-size: 11pt; font-family: Arial; color: #000000; background-color: transparent; font-variant: normal; text-decoration: none; vertical-align: baseline; white-space: pre-wrap;"">&eacute; </span></strong><span style=""font-size: 11pt; font-family: Arial; color: #000000; background-color: transparent; font-weight: 400; font-variant: normal; text-decoration: none; vertical-align: baseline; white-space: pre-wrap;"">on ti s&egrave; a l&eacute;v&eacute; </span><strong><span style=""font-size: 11pt; font-family: Arial; color: #000000; background-color: transparent; font-variant: normal; text-decoration: none; vertical-align: baseline; white-space: pre-wrap;"">donk </span></strong><span style=""font-size: 11pt; font-family: Arial; color: #000000; background-color: transparent; font-weight: 400; font-variant: normal; text-decoration: none; vertical-align: baseline; white-space: pre-wrap;"">mwen an pot&eacute; game</span></p>
<p style=""line-height: 1.38; margin-top: 0pt; margin-bottom: 0pt;""><strong><span style=""font-size: 11pt; font-family: Arial; color: #000000; background-color: transparent; font-variant: normal; text-decoration: none; vertical-align: baseline; white-space: pre-wrap;"">m&eacute; </span></strong><span style=""font-size: 11pt; font-family: Arial; color: #000000; background-color: transparent; font-weight: 400; font-variant: normal; text-decoration: none; vertical-align: baseline; white-space: pre-wrap;"">an p&eacute; pa f&egrave; sa</span></p>
<p style=""line-height: 1.38; margin-top: 0pt; margin-bottom: 0pt;""><span style=""font-size: 11pt; font-family: Arial; color: #000000; background-color: transparent; font-weight: 400; font-variant: normal; text-decoration: none; vertical-align: baseline; white-space: pre-wrap;"">nou ansanm ansanm, </span><strong><span style=""font-size: 11pt; font-family: Arial; color: #000000; background-color: transparent; font-variant: normal; text-decoration: none; vertical-align: baseline; white-space: pre-wrap;"">kon</span></strong><span style=""font-size: 11pt; font-family: Arial; color: #000000; background-color: transparent; font-weight: 400; font-variant: normal; text-decoration: none; vertical-align: baseline; white-space: pre-wrap;""> ploton a bisikl&egrave;t</span></p>
<p style=""line-height: 1.38; margin-top: 0pt; margin-bottom: 0pt;"">&nbsp;</p>
<p style=""line-height: 1.38; margin-top: 0pt; margin-bottom: 0pt;""><span style=""font-size: 11pt; font-family: Arial; color: #000000; background-color: transparent; font-weight: 400; font-variant: normal; text-decoration: none; vertical-align: baseline; white-space: pre-wrap;"">ATTENTION</span></p>
<p style=""line-height: 1.38; margin-top: 0pt; margin-bottom: 0pt;""><span style=""font-size: 11pt; font-family: Arial; color: #000000; background-color: transparent; font-weight: 400; font-variant: normal; text-decoration: none; vertical-align: baseline; white-space: pre-wrap;"">Ne pas confondre avec les conjonctions de subordination SCONJ</span></p>
<p style=""line-height: 1.38; margin-top: 0pt; margin-bottom: 0pt;""><br /><br /></p>"
DET;Dterminant;"<p style=""line-height: 1.38; margin-top: 0pt; margin-bottom: 0pt;""><span style=""font-size: 11pt; font-family: Arial; color: #000000; background-color: transparent; font-weight: 400; font-variant: normal; text-decoration: underline; vertical-align: baseline; white-space: pre-wrap;"">DET</span></p>
<p style=""line-height: 1.38; margin-top: 0pt; margin-bottom: 0pt;""><span style=""font-size: 11pt; font-family: Arial; color: #000000; background-color: transparent; font-weight: 400; font-variant: normal; text-decoration: none; vertical-align: baseline; white-space: pre-wrap;"">ch&egrave;ch&eacute; la limi&egrave; -</span><strong><span style=""font-size: 11pt; font-family: Arial; color: #000000; background-color: transparent; font-variant: normal; text-decoration: none; vertical-align: baseline; white-space: pre-wrap;"">la</span></strong><span style=""font-size: 11pt; font-family: Arial; color: #000000; background-color: transparent; font-weight: 400; font-variant: normal; text-decoration: none; vertical-align: baseline; white-space: pre-wrap;""> y&eacute;</span></p>
<p style=""line-height: 1.38; margin-top: 0pt; margin-bottom: 0pt;""><span style=""font-size: 11pt; font-family: Arial; color: #000000; background-color: transparent; font-weight: 400; font-variant: normal; text-decoration: none; vertical-align: baseline; white-space: pre-wrap;"">Pr&eacute;par&eacute;&rsquo;y </span><strong><span style=""font-size: 11pt; font-family: Arial; color: #000000; background-color: transparent; font-variant: normal; text-decoration: none; vertical-align: baseline; white-space: pre-wrap;"">d&eacute;</span></strong><span style=""font-size: 11pt; font-family: Arial; color: #000000; background-color: transparent; font-weight: 400; font-variant: normal; text-decoration: none; vertical-align: baseline; white-space: pre-wrap;""> ti d&eacute;s&egrave;.</span></p>
<p style=""line-height: 1.38; margin-top: 0pt; margin-bottom: 0pt;""><span style=""font-size: 11pt; font-family: Arial; color: #000000; background-color: transparent; font-weight: 400; font-variant: normal; text-decoration: none; vertical-align: baseline; white-space: pre-wrap;"">Voiti -</span><strong><span style=""font-size: 11pt; font-family: Arial; color: #000000; background-color: transparent; font-variant: normal; text-decoration: none; vertical-align: baseline; white-space: pre-wrap;"">lasa </span></strong><span style=""font-size: 11pt; font-family: Arial; color: #000000; background-color: transparent; font-weight: 400; font-variant: normal; text-decoration: none; vertical-align: baseline; white-space: pre-wrap;"">s&eacute; tan mwen</span></p>
<p style=""line-height: 1.38; margin-top: 0pt; margin-bottom: 0pt;""><strong><span style=""font-size: 11pt; font-family: Arial; color: #000000; background-color: transparent; font-variant: normal; text-decoration: none; vertical-align: baseline; white-space: pre-wrap;"">tout </span></strong><span style=""font-size: 11pt; font-family: Arial; color: #000000; background-color: transparent; font-weight: 400; font-variant: normal; text-decoration: none; vertical-align: baseline; white-space: pre-wrap;"">fanm, </span><strong><span style=""font-size: 11pt; font-family: Arial; color: #000000; background-color: transparent; font-variant: normal; text-decoration: none; vertical-align: baseline; white-space: pre-wrap;"">pon</span></strong><span style=""font-size: 11pt; font-family: Arial; color: #000000; background-color: transparent; font-weight: 400; font-variant: normal; text-decoration: none; vertical-align: baseline; white-space: pre-wrap;""> fanm</span></p>
<p style=""line-height: 1.38; margin-top: 0pt; margin-bottom: 0pt;""><strong><span style=""font-size: 11pt; font-family: Arial; color: #000000; background-color: transparent; font-variant: normal; text-decoration: none; vertical-align: baseline; white-space: pre-wrap;"">tou </span></strong><span style=""font-size: 11pt; font-family: Arial; color: #000000; background-color: transparent; font-weight: 400; font-variant: normal; text-decoration: none; vertical-align: baseline; white-space: pre-wrap;"">sa s&eacute; menti</span></p>
<p style=""line-height: 1.38; margin-top: 0pt; margin-bottom: 0pt;""><span style=""font-size: 11pt; font-family: Arial; color: #000000; background-color: transparent; font-weight: 400; font-variant: normal; text-decoration: none; vertical-align: baseline; white-space: pre-wrap;"">Yon a <strong><span style=""font-size: 11pt; font-family: Arial; color: #000000; background-color: transparent; font-variant: normal; text-decoration: none; vertical-align: baseline; white-space: pre-wrap;"">s&eacute;</span></strong> femn <strong><span style=""font-size: 11pt; font-family: Arial; color: #000000; background-color: transparent; font-variant: normal; text-decoration: none; vertical-align: baseline; white-space: pre-wrap;"">la</span></strong> k&eacute; r&eacute;t&eacute; a kaz</span></p>
<p style=""line-height: 1.38; margin-top: 0pt; margin-bottom: 0pt;""><br /><br /></p>"
SCONJ;Conjonction de subordination;"<p style=""line-height: 1.38; margin-top: 0pt; margin-bottom: 0pt;"">&nbsp;</p>
<p style=""line-height: 1.38; margin-top: 0pt; margin-bottom: 0pt;""><span style=""font-size: 11pt; font-family: Arial; color: #000000; background-color: transparent; font-weight: 400; font-variant: normal; text-decoration: underline; vertical-align: baseline; white-space: pre-wrap;"">SCONJ</span><span style=""font-size: 11pt; font-family: Arial; color: #000000; background-color: transparent; font-weight: 400; font-variant: normal; text-decoration: none; vertical-align: baseline; white-space: pre-wrap;""> &nbsp;</span><strong><span style=""font-size: 11pt; font-family: Arial; color: #000000; background-color: transparent; font-variant: normal; text-decoration: none; vertical-align: baseline; white-space: pre-wrap;"">pask&egrave;</span></strong></p>
<p style=""line-height: 1.38; margin-top: 0pt; margin-bottom: 0pt;""><strong><span style=""font-size: 11pt; font-family: Arial; color: #000000; background-color: transparent; font-variant: normal; text-decoration: none; vertical-align: baseline; white-space: pre-wrap;"">l&egrave; </span></strong><span style=""font-size: 11pt; font-family: Arial; color: #000000; background-color: transparent; font-weight: 400; font-variant: normal; text-decoration: none; vertical-align: baseline; white-space: pre-wrap;"">ou pa ni espwa kay ka r&eacute;t&eacute;&rsquo;w ?</span></p>
<p style=""line-height: 1.38; margin-top: 0pt; margin-bottom: 0pt;""><span style=""font-size: 11pt; font-family: Arial; color: #000000; background-color: transparent; font-weight: 400; font-variant: normal; text-decoration: none; vertical-align: baseline; white-space: pre-wrap;"">(</span><span style=""font-size: 11pt; font-family: Arial; color: #cf3713; background-color: transparent; font-weight: 400; font-variant: normal; text-decoration: none; vertical-align: baseline; white-space: pre-wrap;"">ATTENTION</span><span style=""font-size: 11pt; font-family: Arial; color: #000000; background-color: transparent; font-weight: 400; font-variant: normal; text-decoration: none; vertical-align: baseline; white-space: pre-wrap;""> : </span><strong><span style=""font-size: 11pt; font-family: Arial; color: #cf3713; background-color: transparent; font-variant: normal; text-decoration: none; vertical-align: baseline; white-space: pre-wrap;"">l&egrave;</span></strong><span style=""font-size: 11pt; font-family: Arial; color: #cf3713; background-color: transparent; font-weight: 400; font-variant: normal; text-decoration: none; vertical-align: baseline; white-space: pre-wrap;""> peut &ecirc;tre PRON, ex : an sav </span><strong><span style=""font-size: 11pt; font-family: Arial; color: #cf3713; background-color: transparent; font-variant: normal; text-decoration: none; vertical-align: baseline; white-space: pre-wrap;"">l&egrave;</span></strong><span style=""font-size: 11pt; font-family: Arial; color: #cf3713; background-color: transparent; font-weight: 400; font-variant: normal; text-decoration: none; vertical-align: baseline; white-space: pre-wrap;"">/PRON i ka riv&eacute; [</span><em><span style=""font-size: 11pt; font-family: Arial; color: #cf3713; background-color: transparent; font-weight: 400; font-variant: normal; text-decoration: none; vertical-align: baseline; white-space: pre-wrap;"">a ki l&egrave; ka riv&eacute; ?</span></em><span style=""font-size: 11pt; font-family: Arial; color: #cf3713; background-color: transparent; font-weight: 400; font-variant: normal; text-decoration: none; vertical-align: baseline; white-space: pre-wrap;"">])</span></p>
<p style=""line-height: 1.38; margin-top: 0pt; margin-bottom: 0pt;""><strong><span style=""font-size: 11pt; font-family: Arial; color: #000000; background-color: transparent; font-variant: normal; text-decoration: none; vertical-align: baseline; white-space: pre-wrap;"">Pas</span></strong><span style=""font-size: 11pt; font-family: Arial; color: #000000; background-color: transparent; font-weight: 400; font-variant: normal; text-decoration: none; vertical-align: baseline; white-space: pre-wrap;""> yo dw&egrave;t kon pik&eacute; yo pa ka pliy&eacute; !</span></p>
<p style=""line-height: 1.38; margin-top: 0pt; margin-bottom: 0pt;""><strong><span style=""font-size: 11pt; font-family: Arial; color: #000000; background-color: transparent; font-variant: normal; text-decoration: none; vertical-align: baseline; white-space: pre-wrap;"">Si </span></strong><span style=""font-size: 11pt; font-family: Arial; color: #000000; background-color: transparent; font-weight: 400; font-variant: normal; text-decoration: none; vertical-align: baseline; white-space: pre-wrap;"">i la vin vw&egrave; mwen</span></p>"
ADP;Adverbe;"<p style=""line-height: 1.38; margin-top: 0pt; margin-bottom: 0pt;""><strong></strong></p>
<p style=""line-height: 1.38; margin-top: 0pt; margin-bottom: 0pt;""><span style=""font-size: 11pt; font-family: Arial; color: #000000; background-color: transparent; font-weight: 400; font-variant: normal; text-decoration: underline; vertical-align: baseline; white-space: pre-wrap;"">ADP</span></p>
<p style=""line-height: 1.38; margin-top: 0pt; margin-bottom: 0pt;""><strong>&nbsp;</strong></p>
<p style=""line-height: 1.38; margin-top: 0pt; margin-bottom: 0pt;""><strong><span style=""font-size: 11pt; font-family: Arial; color: #000000; background-color: transparent; font-variant: normal; text-decoration: none; vertical-align: baseline; white-space: pre-wrap;"">Aka</span></strong><span style=""font-size: 11pt; font-family: Arial; color: #000000; background-color: transparent; font-weight: 400; font-variant: normal; text-decoration: none; vertical-align: baseline; white-space: pre-wrap;""> manman </span></p>
<p style=""line-height: 1.38; margin-top: 0pt; margin-bottom: 0pt;""><span style=""font-size: 11pt; font-family: Arial; color: #000000; background-color: transparent; font-weight: 400; font-variant: normal; text-decoration: none; vertical-align: baseline; white-space: pre-wrap;"">Vini&rsquo;w</span><strong><span style=""font-size: 11pt; font-family: Arial; color: #000000; background-color: transparent; font-variant: normal; text-decoration: none; vertical-align: baseline; white-space: pre-wrap;""> an</span></strong><span style=""font-size: 11pt; font-family: Arial; color: #000000; background-color: transparent; font-weight: 400; font-variant: normal; text-decoration: none; vertical-align: baseline; white-space: pre-wrap;""> bra an mwen</span></p>
<p style=""line-height: 1.38; margin-top: 0pt; margin-bottom: 0pt;""><span style=""font-size: 11pt; font-family: Arial; color: #000000; background-color: transparent; font-weight: 400; font-variant: normal; text-decoration: none; vertical-align: baseline; white-space: pre-wrap;"">En k&eacute; goum&eacute; </span><strong><span style=""font-size: 11pt; font-family: Arial; color: #000000; background-color: transparent; font-variant: normal; text-decoration: none; vertical-align: baseline; white-space: pre-wrap;"">pou</span></strong><span style=""font-size: 11pt; font-family: Arial; color: #000000; background-color: transparent; font-weight: 400; font-variant: normal; text-decoration: none; vertical-align: baseline; white-space: pre-wrap;""> p&eacute;yi en mwen</span></p>
<p style=""line-height: 1.38; margin-top: 0pt; margin-bottom: 0pt;""><span style=""font-size: 11pt; font-family: Arial; color: #000000; background-color: transparent; font-weight: 400; font-variant: normal; text-decoration: none; vertical-align: baseline; white-space: pre-wrap;"">Chak fwa s&eacute; menm biten la </span><strong><span style=""font-size: 11pt; font-family: Arial; color: #000000; background-color: transparent; font-variant: normal; text-decoration: none; vertical-align: baseline; white-space: pre-wrap;"">av&egrave;</span></strong><span style=""font-size: 11pt; font-family: Arial; color: #000000; background-color: transparent; font-weight: 400; font-variant: normal; text-decoration: none; vertical-align: baseline; white-space: pre-wrap;"">&rsquo;w</span></p>
<p style=""line-height: 1.38; margin-top: 0pt; margin-bottom: 0pt;""><span style=""font-size: 11pt; font-family: Arial; color: #000000; background-color: transparent; font-weight: 400; font-variant: normal; text-decoration: none; vertical-align: baseline; white-space: pre-wrap;"">i pal&eacute; </span><strong><span style=""font-size: 11pt; font-family: Arial; color: #000000; background-color: transparent; font-variant: normal; text-decoration: none; vertical-align: baseline; white-space: pre-wrap;"">pendan </span></strong><span style=""font-size: 11pt; font-family: Arial; color: #000000; background-color: transparent; font-weight: 400; font-variant: normal; text-decoration: none; vertical-align: baseline; white-space: pre-wrap;"">conbyen tan</span></p>
<p style=""line-height: 1.38; margin-top: 0pt; margin-bottom: 0pt;""><span style=""font-size: 11pt; font-family: Arial; color: #000000; background-color: transparent; font-weight: 400; font-variant: normal; text-decoration: none; vertical-align: baseline; white-space: pre-wrap;"">twa z&egrave; </span><strong><span style=""font-size: 11pt; font-family: Arial; color: #000000; background-color: transparent; font-variant: normal; text-decoration: none; vertical-align: baseline; white-space: pre-wrap;"">avan </span></strong><span style=""font-size: 11pt; font-family: Arial; color: #000000; background-color: transparent; font-weight: 400; font-variant: normal; text-decoration: none; vertical-align: baseline; white-space: pre-wrap;"">match-la fin</span></p>
<p style=""line-height: 1.38; margin-top: 0pt; margin-bottom: 0pt;""><strong>&nbsp;</strong></p>
<p style=""line-height: 1.38; margin-top: 0pt; margin-bottom: 0pt;""><span style=""font-size: 11pt; font-family: Arial; color: #000000; background-color: transparent; font-weight: 400; font-variant: normal; text-decoration: none; vertical-align: baseline; white-space: pre-wrap;"">Une pr&eacute;position peut &ecirc;tre coll&eacute;e &agrave; un pronom</span></p>
<p style=""line-height: 1.38; margin-top: 0pt; margin-bottom: 0pt;""><strong>&nbsp;</strong></p>
<p style=""line-height: 1.38; margin-top: 0pt; margin-bottom: 0pt;""><span style=""font-size: 10pt; font-family: Arial; color: #000000; background-color: #ffffff; font-weight: 400; font-variant: normal; text-decoration: none; vertical-align: baseline; white-space: pre-wrap;"">i t&eacute; ka pal&eacute; ban mwen &eacute; an t&eacute; ka pal&eacute; </span><strong><span style=""font-size: 10pt; font-family: Arial; color: #000000; background-color: #ffffff; font-variant: normal; text-decoration: none; vertical-align: baseline; white-space: pre-wrap;"">ba'y[ADP+PRON] </span></strong><span style=""font-size: 10pt; font-family: Arial; color: #000000; background-color: #ffffff; font-weight: 400; font-variant: normal; text-decoration: none; vertical-align: baseline; white-space: pre-wrap;"">&nbsp;</span></p>
<p style=""line-height: 1.38; margin-top: 0pt; margin-bottom: 0pt;""><span style=""font-size: 11pt; font-family: Arial; color: #000000; background-color: transparent; font-weight: 400; font-variant: normal; text-decoration: none; vertical-align: baseline; white-space: pre-wrap;"">Profit&eacute; </span><strong><span style=""font-size: 11pt; font-family: Arial; color: #000000; background-color: transparent; font-variant: normal; text-decoration: none; vertical-align: baseline; white-space: pre-wrap;"">d&egrave;&rsquo;y</span></strong><strong><span style=""font-size: 10pt; font-family: Arial; color: #000000; background-color: #ffffff; font-variant: normal; text-decoration: none; vertical-align: baseline; white-space: pre-wrap;"">[ADP+PRON] </span></strong><span style=""font-size: 10pt; font-family: Arial; color: #000000; background-color: #ffffff; font-weight: 400; font-variant: normal; text-decoration: none; vertical-align: baseline; white-space: pre-wrap;"">&nbsp;</span><span style=""font-size: 11pt; font-family: Arial; color: #000000; background-color: transparent; font-weight: 400; font-variant: normal; text-decoration: none; vertical-align: baseline; white-space: pre-wrap;"">&nbsp;!</span></p>
<p style=""line-height: 1.38; margin-top: 0pt; margin-bottom: 0pt;""><strong><br /><br /></strong></p>"
INT;Interjection;"<p>&nbsp;</p>
<p style=""line-height: 1.38; margin-top: 0pt; margin-bottom: 0pt;""><span style=""font-size: 11pt; font-family: Arial; color: #000000; background-color: transparent; font-weight: 400; font-variant: normal; text-decoration: none; vertical-align: baseline; white-space: pre-wrap;"">INT</span></p>
<p>&nbsp;</p>
<p style=""line-height: 1.38; margin-top: 0pt; margin-bottom: 0pt;""><strong><span style=""font-size: 11pt; font-family: Arial; color: #000000; background-color: transparent; font-variant: normal; text-decoration: none; vertical-align: baseline; white-space: pre-wrap;"">Ayayaye</span></strong><span style=""font-size: 11pt; font-family: Arial; color: #000000; background-color: transparent; font-weight: 400; font-variant: normal; text-decoration: none; vertical-align: baseline; white-space: pre-wrap;""> !</span></p>
<p style=""line-height: 1.38; margin-top: 0pt; margin-bottom: 0pt;""><strong><span style=""font-size: 11pt; font-family: Arial; color: #000000; background-color: transparent; font-variant: normal; text-decoration: none; vertical-align: baseline; white-space: pre-wrap;"">Timal</span></strong><span style=""font-size: 11pt; font-family: Arial; color: #000000; background-color: transparent; font-weight: 400; font-variant: normal; text-decoration: none; vertical-align: baseline; white-space: pre-wrap;"">!</span></p>
<p style=""line-height: 1.38; margin-top: 0pt; margin-bottom: 0pt;""><strong><span style=""font-size: 11pt; font-family: Arial; color: #000000; background-color: transparent; font-variant: normal; text-decoration: none; vertical-align: baseline; white-space: pre-wrap;"">H&eacute; !</span></strong></p>
<p>&nbsp;</p>"
NUM;Nombre;"<p style=""line-height: 1.38; margin-top: 0pt; margin-bottom: 0pt;""><span style=""font-size: 11pt; font-family: Arial; color: #000000; background-color: transparent; font-weight: 400; font-variant: normal; text-decoration: none; vertical-align: baseline; white-space: pre-wrap;"">NUM</span></p>
<p>&nbsp;</p>
<p style=""line-height: 1.38; margin-top: 0pt; margin-bottom: 0pt;""><span style=""font-size: 11pt; font-family: Arial; color: #000000; background-color: transparent; font-weight: 400; font-variant: normal; text-decoration: none; vertical-align: baseline; white-space: pre-wrap;"">Sa ka f&egrave; </span><strong><span style=""font-size: 11pt; font-family: Arial; color: #000000; background-color: transparent; font-variant: normal; text-decoration: none; vertical-align: baseline; white-space: pre-wrap;"">n&egrave;f</span></strong><span style=""font-size: 11pt; font-family: Arial; color: #000000; background-color: transparent; font-weight: 400; font-variant: normal; text-decoration: none; vertical-align: baseline; white-space: pre-wrap;""> fwa i ka di mwen i k&eacute; vinn </span></p>
<p style=""line-height: 1.38; margin-top: 0pt; margin-bottom: 0pt;""><span style=""font-size: 11pt; font-family: Arial; color: #000000; background-color: transparent; font-weight: 400; font-variant: normal; text-decoration: none; vertical-align: baseline; white-space: pre-wrap;"">Ti jean f&egrave;t en </span><strong><span style=""font-size: 11pt; font-family: Arial; color: #000000; background-color: transparent; font-variant: normal; text-decoration: none; vertical-align: baseline; white-space: pre-wrap;"">1962</span></strong></p>
<p style=""line-height: 1.38; margin-top: 0pt; margin-bottom: 0pt;""><span style=""font-size: 11pt; font-family: Arial; color: #000000; background-color: transparent; font-weight: 400; font-variant: normal; text-decoration: none; vertical-align: baseline; white-space: pre-wrap;"">i </span><strong><span style=""font-size: 11pt; font-family: Arial; color: #000000; background-color: transparent; font-variant: normal; text-decoration: none; vertical-align: baseline; white-space: pre-wrap;"">12h30</span></strong></p>
<p style=""line-height: 1.38; margin-top: 0pt; margin-bottom: 0pt;""><span style=""font-size: 11pt; font-family: Arial; color: #000000; background-color: transparent; font-weight: 400; font-variant: normal; text-decoration: none; vertical-align: baseline; white-space: pre-wrap;"">An vl&eacute; s&eacute; </span><strong><span style=""font-size: 11pt; font-family: Arial; color: #000000; background-color: transparent; font-variant: normal; text-decoration: none; vertical-align: baseline; white-space: pre-wrap;"">d&eacute; </span></strong><span style=""font-size: 11pt; font-family: Arial; color: #000000; background-color: transparent; font-weight: 400; font-variant: normal; text-decoration: none; vertical-align: baseline; white-space: pre-wrap;"">-la</span></p>
<p>&nbsp;</p>
<p style=""line-height: 1.38; margin-top: 0pt; margin-bottom: 0pt;""><strong><span style=""font-size: 11pt; font-family: Arial; color: #000000; background-color: transparent; font-variant: normal; text-decoration: none; vertical-align: baseline; white-space: pre-wrap;"">ATTENTION </span></strong><span style=""font-size: 11pt; font-family: Arial; color: #000000; background-color: transparent; font-weight: 400; font-variant: normal; text-decoration: none; vertical-align: baseline; white-space: pre-wrap;"">pr&eacute;my&eacute;, d&eacute;zy&egrave;m etc. sont des adjectifs.</span></p>
<p style=""line-height: 1.38; margin-top: 0pt; margin-bottom: 0pt;""><span style=""font-size: 11pt; font-family: Arial; color: #000000; background-color: transparent; font-weight: 400; font-variant: normal; text-decoration: none; vertical-align: baseline; white-space: pre-wrap;"">s&eacute; pr&eacute;my&eacute;/ADJ fwa-la</span></p>
<p><br /><br /></p>"
X;Mot trangers;"<p>&nbsp;</p>
<p>&nbsp;</p>
<p style=""line-height: 1.38; margin-top: 0pt; margin-bottom: 0pt;""><span style=""font-size: 11pt; font-family: Arial; color: #000000; background-color: transparent; font-weight: 400; font-variant: normal; text-decoration: none; vertical-align: baseline; white-space: pre-wrap;"">X</span></p>
<p style=""line-height: 1.38; margin-top: 0pt; margin-bottom: 0pt;""><span style=""font-size: 11pt; font-family: Arial; color: #000000; background-color: transparent; font-weight: 400; font-variant: normal; text-decoration: none; vertical-align: baseline; white-space: pre-wrap;"">Mots &eacute;trangers ex : pawol-la </span><strong><span style=""font-size: 11pt; font-family: Arial; color: #000000; background-color: transparent; font-variant: normal; text-decoration: none; vertical-align: baseline; white-space: pre-wrap;"">cat</span></strong><span style=""font-size: 11pt; font-family: Arial; color: #000000; background-color: transparent; font-weight: 400; font-variant: normal; text-decoration: none; vertical-align: baseline; white-space: pre-wrap;""> v&eacute; di chat an angl&eacute;</span></p>"
